NumMutant,MutatorType,Result,MutantSourceFile,MutantSource,MutantDestination,MutantSourceLine,MutantSourceColumn,file,mutation_score,Notes,isCondElseToFalse
116.0,RC-cond->true,passed,./2234-grading/Assignment8/shuffled-04/text,"(cond ((not (NumV? size)) (error (quote interp-prim) \""VVQS: arr called with size not a num ~e\"" size)) ((not (NumV? default)) (error (quote interp-prim) \""VVQS: arr called with default not a num ~e\"" default)) ((not (exact-integer? (NumV-num size))) (error...","(cond ((not (NumV? size)) (error (quote interp-prim) \""VVQS: arr called with size not a num ~e\"" size)) ((not (NumV? default)) (error (quote interp-prim) \""VVQS: arr called with default not a num ~e\"" default)) ((not (exact-integer? (NumV-num size))) (error...",670.0,40.0,./2234-grading/Assignment8/shuffled-04/text.rkt,0.864322,,False
63.0,RC-cond->true,passed,./2234-grading/Assignment4/shuffled-21/text,"(cond ((empty? funs) (error (quote VVQS) \""reference to undefined function: ~e\"" name)) ((cons? funs) (if (equal? name (fdC-name (first funs))) (first funs) (get-fundef name (rest funs)))))","(cond ((empty? funs) (error (quote VVQS) \""reference to undefined function: ~e\"" name)) (#t (if (equal? name (fdC-name (first funs))) (first funs) (get-fundef name (rest funs)))))",199.0,2.0,./2234-grading/Assignment4/shuffled-21/text.rkt,0.882353,,False
128.0,RC-cond->false,passed,./2234-grading/Assignment8/shuffled-39/text,(cond ((symbol=? s (Binding-name b)) (Binding-val b)) (else (env-lookup s rst))),(cond (#f (Binding-val b)) (else (env-lookup s rst))),522.0,5.0,./2234-grading/Assignment8/shuffled-39/text.rkt,0.242647,,False
5.0,RC-and->false,passed,./2234-grading/Assignment4/shuffled-35/text,(and (equal? op (quote /)) (equal? val2 0)),(and (equal? op (quote /)) #f),106.0,11.0,./2234-grading/Assignment4/shuffled-35/text.rkt,0.8875,,False
17.0,RC-cond->true,passed,./2234-grading/Assignment4/shuffled-11/text,"(cond ((empty? fds) (error (quote get-fundef) \""VVQS: Function Definition List is Empty\"")) ((cons? fds) (cond ((equal? n (FunDefC-name (first fds))) (first fds)) (else (get-fundef n (rest fds))))))","(cond ((empty? fds) (error (quote get-fundef) \""VVQS: Function Definition List is Empty\"")) (#t (cond ((equal? n (FunDefC-name (first fds))) (first fds)) (else (get-fundef n (rest fds))))))",123.0,2.0,./2234-grading/Assignment4/shuffled-11/text.rkt,0.742268,,False
61.0,RC-match-removal,passed,/Users/charlieray/Desktop/Research/RacketCode/JCCR/./2234-grading/Assignment8/shuffled-44/text.rkt,(match expr ((NumC n) (NumV n)) ((StrC s) (StrV s)) ((IfC do? test else?) (define test-result (interp test env)) (match test-result ((BoolV #t) (interp do? env)) ((BoolV #f) (interp else? env)) (else (error (quote interp) VVQS: Test expression in if must return a boolean)))) ((LamC args arg-types body) (CloV args body env)) ((IdC id) (let ((bindval (lookup id env))) (match bindval ((box val) val)))) ((AppC fun args) (define func-val (interp fun env)) (define arg-values (map (λ (arg) (interp (cast arg ExprC) env)) args)) (match func-val ((CloV params body closure-env) (if (= (length params) (length arg-values)) (let ((extended-env (append (map (λ ((param : Symbol) (arg : ValV)) (bind param (box arg))) params arg-values) closure-env))) (interp body extended-env)) (error (quote interp) (format VVQS: Wrong number of arguments in application)))) ((PrimV name arity) (if (= arity (length arg-values)) (apply-prim func-val arg-values env) (error (quote interp) (format VVQS: Wrong number of arguments for primitive ~a name)))) (else (error (quote interp) VVQS: Attempted to apply non-function value)))) ((SetC id val) (let ((bindval (lookup id env))) (match bindval ((box _) (begin (set-box! bindval (interp val env)) (VoidV)))))) ((BegC exps) (match exps ((quote ()) (VoidV)) ((cons _ _) (let ((values (map (λ ((e : ExprC)) (interp e env)) exps))) (if (empty? values) (VoidV) (let ((last-value (car (reverse values)))) (match last-value ((VoidV) (NumV 0)) (else last-value)))))))) ((ArrC exps) (define values (map (λ ((e : ExprC)) : ValV (interp e env)) exps)) (if (andmap (λ ((v : ValV)) (NumV? v)) values) (ArrV (list->vector values)) (error (quote interp) VVQS: All elements of an array must be numbers))) ((RecC id args arg-types body type in) (define junk-box : (Boxof ValV) (box (VoidV))) (define new-env (append (list (bind id junk-box)) env)) (define closure (CloV args body new-env)) (set-box! junk-box closure) (interp in new-env))),(match expr ((NumC n) (NumV n)) ((StrC s) (StrV s)) ((IfC do? test else?) (define test-result (interp test env)) (match test-result ((BoolV #t) (interp do? env)) ((BoolV #f) (interp else? env)) (else (error (quote interp) VVQS: Test expression in if must return a boolean)))) ((LamC args arg-types body) (CloV args body env)) ((IdC id) (let ((bindval (lookup id env))) (match bindval ((box val) val)))) ((AppC fun args) (define func-val (interp fun env)) (define arg-values (map (λ (arg) (interp (cast arg ExprC) env)) args)) (match func-val ((CloV params body closure-env) (if (= (length params) (length arg-values)) (let ((extended-env (append (map (λ ((param : Symbol) (arg : ValV)) (bind param (box arg))) params arg-values) closure-env))) (interp body extended-env)) (error (quote interp) (format VVQS: Wrong number of arguments in application)))) ((PrimV name arity) (if (= arity (length arg-values)) (apply-prim func-val arg-values env) (error (quote interp) (format VVQS: Wrong number of arguments for primitive ~a name)))) (else (error (quote interp) VVQS: Attempted to apply non-function value)))) ((SetC id val) (let ((bindval (lookup id env))) (match bindval ((box _) (begin (set-box! bindval (interp val env)) (VoidV)))))) ((BegC exps) (match exps ((quote ()) (VoidV)) ((cons _ _) (let ((values (map (λ ((e : ExprC)) (interp e env)) exps))) (if (empty? values) (VoidV) (let ((last-value (car (reverse values)))) (match last-value ((VoidV) (NumV 0)) (else last-value)))))))) ((ArrC exps) (define values (map (λ ((e : ExprC)) : ValV (interp e env)) exps)) (if (andmap (λ ((v : ValV)) (NumV? v)) values) (ArrV (list->vector values)) (error (quote interp) VVQS: All elements of an array must be numbers)))),302.0,2.0,./2234-grading/Assignment8/shuffled-44/text.rkt,0.419048,,False
26.0,RC-or->false,passed,./2234-grading/Assignment5/shuffled-48/text,(or (quote =>) (quote :=) (quote where) (quote if) (quote then) (quote else)),(or (quote =>) (quote :=) #f (quote if) (quote then) (quote else)),141.0,5.0,./2234-grading/Assignment5/shuffled-48/text.rkt,0.694444,,False
23.0,RC-cond->true,passed,./2234-grading/Assignment3/shuffled-12/text,(cond ((real? s) (numC s)) ((legal-id? s) (idC s)) ((list? s) (match s ((list (? symbol? a) b c) (binop (idC a) (parse b) (parse c))) ((list (? legal-id? a) b) (appC a (parse b))) ((list (quote leq0?) b (quote then) d (quote else) f) (leq0? (parse b) (p...,(cond ((real? s) (numC s)) ((legal-id? s) (idC s)) ((list? s) (match s ((list (? symbol? a) b c) (binop (idC a) (parse b) (parse c))) ((list (? legal-id? a) b) (appC a (parse b))) ((list (quote leq0?) b (quote then) d (quote else) f) (leq0? (parse b) (p...,78.0,2.0,./2234-grading/Assignment3/shuffled-12/text.rkt,0.818182,,False
57.0,RC-cond->true,passed,./2234-grading/Assignment4BasicMastery/shuffled-01/text,"(cond ((empty? funs) (error (quote VVQS) \""reference to undefined function: ~e\"" (quote main))) ((cons? funs) (if (equal? (quote main) (fdC-name (first funs))) (first funs) (get-fundef (quote main) (rest funs)))))","(cond ((empty? funs) (error (quote VVQS) \""reference to undefined function: ~e\"" (quote main))) (#t (if (equal? (quote main) (fdC-name (first funs))) (first funs) (get-fundef (quote main) (rest funs)))))",182.0,2.0,./2234-grading/Assignment4BasicMastery/shuffled-01/text.rkt,0.882353,,False
181.0,RC-and->true,passed,./2234-grading/Assignment8/shuffled-42/text,(and (symbol=? primOp (quote substring)) (StrV? x) (NumV? y) (NumV? z) (integer? (NumV-n y)) (integer? (NumV-n z)) (>= (NumV-n y) 0) (<= (NumV-n y) (string-length (StrV-s x))) (>= (NumV-n y) 0) (<= (NumV-n z) (string-length (StrV-s x))) (<= (NumV-n y) (...,(and (symbol=? primOp (quote substring)) (StrV? x) (NumV? y) (NumV? z) (integer? (NumV-n y)) (integer? (NumV-n z)) #t (<= (NumV-n y) (string-length (StrV-s x))) (>= (NumV-n y) 0) (<= (NumV-n z) (string-length (StrV-s x))) (<= (NumV-n y) (NumV-n z))),136.0,21.0,./2234-grading/Assignment8/shuffled-42/text.rkt,0.804082,,False
56.0,RC-match-removal,passed,/Users/charlieray/Desktop/Research/RacketCode/JCCR/./2234-grading/Assignment5/shuffled-28/text.rkt,(match l ((list (? real? a) (? real? b)) (equal? a b)) ((list (? boolean? a) (? boolean? b)) (equal? a b)) ((list (? string? a) (? string? b)) (equal? a b)) ((list a b) #f)),(match l ((list (? real? a) (? real? b)) (equal? a b)) ((list (? boolean? a) (? boolean? b)) (equal? a b)) ((list a b) #f)),167.0,13.0,./2234-grading/Assignment5/shuffled-28/text.rkt,0.984615,,False
58.0,RC-cond->false,passed,./2234-grading/Assignment2/shuffled-81/text,(cond ((equal? value symbol) replacement) ((and (Leaf? left) (Leaf? right)) (Node value (Leaf) (Leaf))) ((Leaf? left) (Node value (Leaf) (subst right symbol replacement))) ((Leaf? right) (Node value (subst left symbol replacement) (Leaf))) (else (let ((...,(cond ((equal? value symbol) replacement) ((and (Leaf? left) (Leaf? right)) (Node value (Leaf) (Leaf))) (#f (Node value (Leaf) (subst right symbol replacement))) ((Leaf? right) (Node value (subst left symbol replacement) (Leaf))) (else (let ((replaced_l...,200.0,29.0,./2234-grading/Assignment2/shuffled-81/text.rkt,0.9,,False
117.0,RC-or->false,passed,./2234-grading/Assignment8/shuffled-11/text,(or (symbol=? s (quote where)) (symbol=? s (quote if)) (symbol=? s (quote =>)) (symbol=? s (quote letrec)) (symbol=? s (quote :=)) (symbol=? s (quote then)) (symbol=? s (quote <-)) (symbol=? s (quote ->)) (symbol=? s (quote :)) (symbol=? s (quote begin)...,(or (symbol=? s (quote where)) (symbol=? s (quote if)) (symbol=? s (quote =>)) (symbol=? s (quote letrec)) (symbol=? s (quote :=)) #f (symbol=? s (quote <-)) (symbol=? s (quote ->)) (symbol=? s (quote :)) (symbol=? s (quote begin)) (symbol=? s (quote ma...,332.0,5.0,./2234-grading/Assignment8/shuffled-11/text.rkt,0.805882,,False
14.0,RC-match-removal,passed,/Users/charlieray/Desktop/Research/RacketCode/JCCR/./2234-grading/Assignment3/shuffled-15/text.rkt,(match fds ((quote ()) (error (quote get-fundef-with-param) VVQS - Failed to resolve function ~e with parameter ~e fun-name param-name)) ((cons f r) (cond ((and (equal? fun-name (FunDefC-name f)) (equal? param-name (FunDefC-param f))) f) (else (get-fundef-with-param fun-name param-name r))))),(match fds ((cons f r) (cond ((and (equal? fun-name (FunDefC-name f)) (equal? param-name (FunDefC-param f))) f) (else (get-fundef-with-param fun-name param-name r))))),136.0,2.0,./2234-grading/Assignment3/shuffled-15/text.rkt,0.923077,,False
8.0,RC-and->true,passed,./2234-grading/Assignment5BasicMastery/shuffled-05/text,(and (not (ClosV? a)) (not (ClosV? b)) (not (PrimopV? a)) (not (PrimopV? b)) (equal? a b)),(and #t (not (ClosV? b)) (not (PrimopV? a)) (not (PrimopV? b)) (equal? a b)),104.0,56.0,./2234-grading/Assignment5BasicMastery/shuffled-05/text.rkt,0.709091,,False
58.0,RC-or->false,passed,./2234-grading/Assignment8/shuffled-29/text,(or (ClosV? l) (ClosV? r) (PrimOpV? l) (PrimOpV? r)),(or (ClosV? l) (ClosV? r) #f (PrimOpV? r)),204.0,5.0,./2234-grading/Assignment8/shuffled-29/text.rkt,0.840909,,False
48.0,RC-and->true,passed,./2234-grading/Assignment3/shuffled-24/text,(and (symbol? s) (not (member s keywords))),(and (symbol? s) #t),115.0,2.0,./2234-grading/Assignment3/shuffled-24/text.rkt,0.770492,,False
12.0,RC-match-removal,passed,/Users/charlieray/Desktop/Research/RacketCode/JCCR/./2234-grading/Assignment5/shuffled-29/text.rkt,(match s ((? real? s) (numC s)) ((? string? s) (strC s)) ((? symbol? s) (cond ((not (check-syntax s)) (idC s)) (else (error (quote parse) VVQS5 Invalid symbol)))) ((list (list fun1 args1 ...) (quote if) (list fun2 args2 ...) (quote else) (list fun3 args3 ...)) (ifC (appC (parse fun1) (map parse args1)) (appC (parse fun2) (map parse args2)) (appC (parse fun3) (map parse args3)))) ((list (? symbol? a) (? symbol? b) (? symbol? c)) (error (quote parse) VVQS5 Invalid expression)) ((list tru (quote if) (list fun args ...) (quote else) fal) (ifC (parse tru) (appC (parse fun) (map parse args)) (parse fal))) ((list tru (quote if) test (quote else) fal) (ifC (parse tru) (parse test) (parse fal))) ((list (list (? symbol? params) ...) (quote =>) body) (cond ((and (= (length params) 2) (cast params (Listof Symbol)) (equal? (first params) (second params))) (error (quote parse) VVQS5 Invalid expression))) (lamC (cast params (Listof Symbol)) (parse body))) ((list fun args ...) (appC (parse fun) (map parse args))) (else (error (quote parse) VVQS5 Invalid expression))),(match s ((? real? s) (numC s)) ((? string? s) (strC s)) ((? symbol? s) (cond ((not (check-syntax s)) (idC s)) (else (error (quote parse) VVQS5 Invalid symbol)))) ((list (? symbol? a) (? symbol? b) (? symbol? c)) (error (quote parse) VVQS5 Invalid expression)) ((list tru (quote if) (list fun args ...) (quote else) fal) (ifC (parse tru) (appC (parse fun) (map parse args)) (parse fal))) ((list tru (quote if) test (quote else) fal) (ifC (parse tru) (parse test) (parse fal))) ((list (list (? symbol? params) ...) (quote =>) body) (cond ((and (= (length params) 2) (cast params (Listof Symbol)) (equal? (first params) (second params))) (error (quote parse) VVQS5 Invalid expression))) (lamC (cast params (Listof Symbol)) (parse body))) ((list fun args ...) (appC (parse fun) (map parse args))) (else (error (quote parse) VVQS5 Invalid expression))),134.0,2.0,./2234-grading/Assignment5/shuffled-29/text.rkt,0.945946,,False
84.0,RC-and->false,passed,./2234-grading/Assignment5/shuffled-18/text,(and (BoolV? v1) (BoolV? v2)),(and #f (BoolV? v2)),175.0,5.0,./2234-grading/Assignment5/shuffled-18/text.rkt,0.84,,False
17.0,RC-match-removal,passed,/Users/charlieray/Desktop/Research/RacketCode/JCCR/./2234-grading/Assignment3/shuffled-31/text.rkt,(match sexp ((? list? sexps) (map parse-fundef (ann sexps (Listof Sexp)))) (_ (error (quote parse-prog) Unrecognized program structure VVQS: ~s sexp))),(match sexp ((? list? sexps) (map parse-fundef (ann sexps (Listof Sexp))))),104.0,2.0,./2234-grading/Assignment3/shuffled-31/text.rkt,0.810811,,False
30.0,RC-and->true,passed,./2234-grading/Assignment4BasicMastery/shuffled-12/text,(and (empty? what-list) (empty? for-list)),(and #t (empty? for-list)),103.0,5.0,./2234-grading/Assignment4BasicMastery/shuffled-12/text.rkt,0.875,,False
20.0,RC-and->true,passed,./2234-grading/Assignment2/shuffled-64/text,(and (< 5 blueness) (<= 100 count)),(and #t (<= 100 count)),60.0,32.0,./2234-grading/Assignment2/shuffled-64/text.rkt,0.915254,,False
10.0,aod-mul,passed,./2234-grading/Assignment2BasicMastery/shuffled-13/text,(* (* (* 2 pi) r) h),(begin * (* 2 pi) r),23.0,5.0,./2234-grading/Assignment2BasicMastery/shuffled-13/text.rkt,0.844828,,False
37.0,RC-match-removal,passed,/Users/charlieray/Desktop/Research/RacketCode/JCCR/./2234-grading/Assignment5/shuffled-43/text.rkt,(match binding ((quasiquote ((unquote id) := (unquote expr))) (values (parse-arg id) (parse expr))) (_ (error (quote parse-binding) Unrecognized VVQS binding: ~a binding))),(match binding ((quasiquote ((unquote id) := (unquote expr))) (values (parse-arg id) (parse expr)))),142.0,2.0,./2234-grading/Assignment5/shuffled-43/text.rkt,0.898305,,False
2.0,RC-or->false,passed,./2234-grading/Assignment4BasicMastery/shuffled-04/text,(or (quote +) (quote -) (quote /) (quote *) (quote =) (quote leq0?) (quote then) (quote else) (quote def)),(or (quote +) (quote -) #f (quote *) (quote =) (quote leq0?) (quote then) (quote else) (quote def)),52.0,5.0,./2234-grading/Assignment4BasicMastery/shuffled-04/text.rkt,0.810345,,False
52.0,RC-match-removal,passed,/Users/charlieray/Desktop/Research/RacketCode/JCCR/./2234-grading/Assignment8/shuffled-39/text.rkt,(match s ((quote +) (numV (+ (numV-n (cast (list-ref ops 0) numV)) (numV-n (cast (list-ref ops 1) numV))))) ((quote *) (numV (* (numV-n (cast (list-ref ops 0) numV)) (numV-n (cast (list-ref ops 1) numV))))) ((quote /) (numV (/ (numV-n (cast (list-ref ops 0) numV)) (numV-n (cast (list-ref ops 1) numV))))) ((quote -) (numV (- (numV-n (cast (list-ref ops 0) numV)) (numV-n (cast (list-ref ops 1) numV))))) ((quote <=) (boolV (<= (numV-n (cast (list-ref ops 0) numV)) (numV-n (cast (list-ref ops 1) numV))))) ((quote str-eq?) (boolV (equal? (list-ref ops 0) (list-ref ops 1)))) ((quote num-eq?) (boolV (equal? (list-ref ops 0) (list-ref ops 1)))) ((quote arr) (define a1 (numV-n (cast (list-ref ops 0) numV))) (define a2 (numV-n (cast (list-ref ops 1) numV))) (cond ((and (integer? a1) (integer? a2)) (arrV (make-vector (cast a1 Integer) (cast a2 Integer)))))) ((quote arr-ref) (define arr (cast (car ops) arrV)) (define idx (cast (cdr ops) numV)) (cond ((integer? idx) (numV (vector-ref (arrV-vals arr) (cast idx Integer)))) (else (error (quote VVQS) Not a valid integer index)))) (other (error (quote VVQS) Not a valid primitive))),(match s ((quote +) (numV (+ (numV-n (cast (list-ref ops 0) numV)) (numV-n (cast (list-ref ops 1) numV))))) ((quote /) (numV (/ (numV-n (cast (list-ref ops 0) numV)) (numV-n (cast (list-ref ops 1) numV))))) ((quote -) (numV (- (numV-n (cast (list-ref ops 0) numV)) (numV-n (cast (list-ref ops 1) numV))))) ((quote <=) (boolV (<= (numV-n (cast (list-ref ops 0) numV)) (numV-n (cast (list-ref ops 1) numV))))) ((quote str-eq?) (boolV (equal? (list-ref ops 0) (list-ref ops 1)))) ((quote num-eq?) (boolV (equal? (list-ref ops 0) (list-ref ops 1)))) ((quote arr) (define a1 (numV-n (cast (list-ref ops 0) numV))) (define a2 (numV-n (cast (list-ref ops 1) numV))) (cond ((and (integer? a1) (integer? a2)) (arrV (make-vector (cast a1 Integer) (cast a2 Integer)))))) ((quote arr-ref) (define arr (cast (car ops) arrV)) (define idx (cast (cdr ops) numV)) (cond ((integer? idx) (numV (vector-ref (arrV-vals arr) (cast idx Integer)))) (else (error (quote VVQS) Not a valid integer index)))) (other (error (quote VVQS) Not a valid primitive))),366.0,5.0,./2234-grading/Assignment8/shuffled-39/text.rkt,,,False
74.0,aod-add,passed,./2234-grading/Assignment8/shuffled-35/text,(+ x y),(begin . x),392.0,39.0,./2234-grading/Assignment8/shuffled-35/text.rkt,0.844444,,False
73.0,aod-add,passed,./2234-grading/Assignment5/shuffled-47/text,(+ y 3),(begin . 3),289.0,26.0,./2234-grading/Assignment5/shuffled-47/text.rkt,0.878378,,False
12.0,aod-mul,passed,./2234-grading/Assignment2/shuffled-45/text,(* (* 2 pi) (* r r)),(begin * 2 pi),41.0,16.0,./2234-grading/Assignment2/shuffled-45/text.rkt,0.890909,,False
75.0,RC-or->true,passed,./2234-grading/Assignment8/shuffled-05/text,(or (quote =>) (quote :=) (quote where) (quote letrec) (quote if) (quote then) (quote :) (quote else) (quote ->) (quote <-) (quote begin) (quote in) (quote makearr)),(or (quote =>) (quote :=) #t (quote letrec) (quote if) (quote then) (quote :) (quote else) (quote ->) (quote <-) (quote begin) (quote in) (quote makearr)),327.0,5.0,./2234-grading/Assignment8/shuffled-05/text.rkt,0.648649,,False
12.0,aod-mul,passed,./2234-grading/Assignment2BasicMastery/shuffled-13/text,(* (* 2 pi) r),(begin * 2 pi),23.0,8.0,./2234-grading/Assignment2BasicMastery/shuffled-13/text.rkt,0.844828,,False
0.0,aod-add,passed,./2234-grading/Assignment8/shuffled-12/text,(+ - * / num-eq? str-eq? <= substring arr aref aset alen),(begin . -),67.0,13.0,./2234-grading/Assignment8/shuffled-12/text.rkt,0.745283,,False
47.0,RC-and->true,passed,./2234-grading/Assignment5/shuffled-45/text,(and (equal? op /) (equal? (NumV-n r) 0)),(and #t (equal? (NumV-n r) 0)),153.0,12.0,./2234-grading/Assignment5/shuffled-45/text.rkt,0.884211,,False
26.0,RC-and->true,passed,./2234-grading/Assignment2/shuffled-68/text,(and (> b 5) (> c 99)),(and #t (> c 99)),82.0,25.0,./2234-grading/Assignment2/shuffled-68/text.rkt,0.951613,,False
17.0,RC-match-removal,passed,/Users/charlieray/Desktop/Research/RacketCode/JCCR/./2234-grading/Assignment8/shuffled-40/text.rkt,(match sexp ((quote num) (NumType)) ((quote bool) (BoolType)) ((quote str) (StrType)) ((quote void) (VoidType)) ((list inputs ... (quote ->) output) (FuncType (map parse-type (cast inputs (Listof Sexp))) (parse-type output))) ((quote numarray) (NumArrType)) (_ (error (quote parse-type) VVQS failed to parse type ~e sexp))),(match sexp ((quote num) (NumType)) ((quote bool) (BoolType)) ((quote str) (StrType)) ((list inputs ... (quote ->) output) (FuncType (map parse-type (cast inputs (Listof Sexp))) (parse-type output))) ((quote numarray) (NumArrType)) (_ (error (quote parse-type) VVQS failed to parse type ~e sexp))),126.0,2.0,./2234-grading/Assignment8/shuffled-40/text.rkt,0.956989,,False
37.0,RC-or->false,passed,./2234-grading/Assignment4/shuffled-11/text,(or (equal? s (quote +)) (equal? s (quote *)) (equal? s (quote -)) (equal? s (quote /)) (equal? s (quote def)) (equal? s (quote leq0?))),(or (equal? s (quote +)) (equal? s (quote *)) (equal? s (quote -)) (equal? s (quote /)) (equal? s (quote def)) #f),149.0,8.0,./2234-grading/Assignment4/shuffled-11/text.rkt,0.742268,,False
18.0,RC-match-removal,passed,/Users/charlieray/Desktop/Research/RacketCode/JCCR/./2234-grading/Assignment5BasicMastery/shuffled-12/text.rkt,(match s ((? real? r) (numC r)) ((? string? s) (stringC s)) ((list (quote error) err ...) (errorC err)) ((? symbol? (quote error)) (errorC )) ((? legal-id? s) (idC s)) ((list a (quote if) b (quote else) c) (ifC (parse a) (parse b) (parse c))) ((list (quote def) (list (? legal-id? items) ...) (? symbol? _) body) (define fun-args (map (lambda (x) (cast x Symbol)) items)) (lamC fun-args (parse body))) ((list a (quote where) (list (list (? legal-id? params) (quote :=) args) ...)) (cond ((check-duplicates params) (error (quote parse) VVQS: duplicate param for what)) (else (appC (lamC (cast params (Listof Symbol)) (parse a)) (map (lambda ((x : Sexp)) (parse x)) (cast args (Listof Sexp))))))) ((list (list (? legal-id? a) ...) (quote =>) b) (cond ((not (check-duplicates a)) (lamC (cast a (Listof Symbol)) (parse b))) (else (error (quote parse) VVQS: Duplicate params for lambs)))) ((list a b ...) (appC (parse a) (map parse b))) ((quote ()) (quote ())) (other (error (quote parse) VVQS: Invalid Parse 2: ~e s))),(match s ((? real? r) (numC r)) ((? string? s) (stringC s)) ((? symbol? (quote error)) (errorC )) ((? legal-id? s) (idC s)) ((list a (quote if) b (quote else) c) (ifC (parse a) (parse b) (parse c))) ((list (quote def) (list (? legal-id? items) ...) (? symbol? _) body) (define fun-args (map (lambda (x) (cast x Symbol)) items)) (lamC fun-args (parse body))) ((list a (quote where) (list (list (? legal-id? params) (quote :=) args) ...)) (cond ((check-duplicates params) (error (quote parse) VVQS: duplicate param for what)) (else (appC (lamC (cast params (Listof Symbol)) (parse a)) (map (lambda ((x : Sexp)) (parse x)) (cast args (Listof Sexp))))))) ((list (list (? legal-id? a) ...) (quote =>) b) (cond ((not (check-duplicates a)) (lamC (cast a (Listof Symbol)) (parse b))) (else (error (quote parse) VVQS: Duplicate params for lambs)))) ((list a b ...) (appC (parse a) (map parse b))) ((quote ()) (quote ())) (other (error (quote parse) VVQS: Invalid Parse 2: ~e s))),146.0,1.0,./2234-grading/Assignment5BasicMastery/shuffled-12/text.rkt,0.970588,,False
8.0,RC-or->false,passed,./2234-grading/Assignment5/shuffled-01/text,(or (quote =) (quote if) (quote else) (quote =>)),(or (quote =) (quote if) #f (quote =>)),199.0,22.0,./2234-grading/Assignment5/shuffled-01/text.rkt,0.8,,False
62.0,RC-or->false,passed,./2234-grading/Assignment8/shuffled-41/text,(or (equal? f (quote where)) (equal? f (quote letrec)) (equal? f (quote :=)) (equal? f (quote if)) (equal? f (quote else)) (equal? f (quote <-)) (equal? f (quote =>)) (equal? f (quote :)) (equal? f (quote begin)) (equal? f (quote in)) (equal? f (quote m...,(or (equal? f (quote where)) (equal? f (quote letrec)) (equal? f (quote :=)) (equal? f (quote if)) #f (equal? f (quote <-)) (equal? f (quote =>)) (equal? f (quote :)) (equal? f (quote begin)) (equal? f (quote in)) (equal? f (quote makearr))),361.0,20.0,./2234-grading/Assignment8/shuffled-41/text.rkt,0.833333,,False
4.0,RC-if->false,passed,./2234-grading/Assignment8/shuffled-44/text,(if (symbol=? for name) val (lookup for rest-env)),(if #f val (lookup for rest-env)),145.0,5.0,./2234-grading/Assignment8/shuffled-44/text.rkt,0.696429,,False
113.0,RC-or->false,passed,./2234-grading/Assignment8/shuffled-11/text,(or (symbol=? s (quote where)) (symbol=? s (quote if)) (symbol=? s (quote =>)) (symbol=? s (quote letrec)) (symbol=? s (quote :=)) (symbol=? s (quote then)) (symbol=? s (quote <-)) (symbol=? s (quote ->)) (symbol=? s (quote :)) (symbol=? s (quote begin)...,(or (symbol=? s (quote where)) #f (symbol=? s (quote =>)) (symbol=? s (quote letrec)) (symbol=? s (quote :=)) (symbol=? s (quote then)) (symbol=? s (quote <-)) (symbol=? s (quote ->)) (symbol=? s (quote :)) (symbol=? s (quote begin)) (symbol=? s (quote ...,332.0,5.0,./2234-grading/Assignment8/shuffled-11/text.rkt,0.805882,,False
57.0,aod-add,passed,./2234-grading/Assignment3/shuffled-42/text,(+ (g x) 3),(begin . 3),164.0,28.0,./2234-grading/Assignment3/shuffled-42/text.rkt,0.807692,,False
19.0,RC-cond->true,passed,./2234-grading/Assignment8/shuffled-34/text,"(cond ((or (equal? sym (quote <=)) (equal? sym (quote num-eq?)) (equal? sym (quote str-eq?))) (eval-bool sym interpArgs)) ((equal? sym (quote error)) (error (quote eval-bool) \""VVQS: user-error ~e\"" sym)) ((equal? sym (quote substring)) (match* ((first in...","(cond ((or (equal? sym (quote <=)) (equal? sym (quote num-eq?)) (equal? sym (quote str-eq?))) (eval-bool sym interpArgs)) ((equal? sym (quote error)) (error (quote eval-bool) \""VVQS: user-error ~e\"" sym)) ((equal? sym (quote substring)) (match* ((first in...",131.0,8.0,./2234-grading/Assignment8/shuffled-34/text.rkt,0.914286,,False
22.0,RC-and->true,passed,./2234-grading/Assignment2/shuffled-46/text,(and (> blueness 5) (>= count 100)),(and #t (>= count 100)),46.0,35.0,./2234-grading/Assignment2/shuffled-46/text.rkt,0.953846,,False
2.0,RC-match-removal,passed,/Users/charlieray/Desktop/Research/RacketCode/JCCR/./2234-grading/Assignment8/shuffled-44/text.rkt,(match sexp ((? symbol? (? ValidSymbol? sym)) (case sym ((quote num) (NumT)) ((quote bool) (BoolT)) ((quote str) (StrT)) ((quote void) (VoidT)) ((quote numarray) (ArrT)) (else (error (quote parse-type) (format VVQS: Invalid type: ~a sym))))) ((list arg-types ... (quote ->) result-type) (FunT (parse-types (cast arg-types (Listof Sexp))) (parse-type result-type))) (else (error (quote parse-type) (format VVQS: Invalid type: ~a sexp)))),(match sexp ((? symbol? (? ValidSymbol? sym)) (case sym ((quote num) (NumT)) ((quote bool) (BoolT)) ((quote str) (StrT)) ((quote void) (VoidT)) ((quote numarray) (ArrT)) (else (error (quote parse-type) (format VVQS: Invalid type: ~a sym))))) ((list arg-types ... (quote ->) result-type) (FunT (parse-types (cast arg-types (Listof Sexp))) (parse-type result-type)))),99.0,2.0,./2234-grading/Assignment8/shuffled-44/text.rkt,0.419048,,False
52.0,RC-and->true,passed,./2234-grading/Assignment5/shuffled-04/text,(and (symbol=? s (quote /)) (= (NumV-n r) 0)),(and #t (= (NumV-n r) 0)),124.0,29.0,./2234-grading/Assignment5/shuffled-04/text.rkt,0.782051,,False
24.0,RC-cond->false,passed,./2234-grading/Assignment3/shuffled-46/text,"(cond ((equal? (interp r fds) 0) (error (quote interp-binop) \""dividing by 0 VVQS\"")) (else (/ (interp l fds) (interp r fds))))","(cond (#f (error (quote interp-binop) \""dividing by 0 VVQS\"")) (else (/ (interp l fds) (interp r fds))))",117.0,19.0,./2234-grading/Assignment3/shuffled-46/text.rkt,0.785714,,False
2.0,RC-cond->true,passed,./2234-grading/Assignment3/shuffled-25/text,"(cond ((equal? op (quote /)) (cond ((zero? right) (error (quote interp) \""VVQS Cannot divide by zero\"")) (else (binop left right)))) (else (binop left right)))","(cond (#t (cond ((zero? right) (error (quote interp) \""VVQS Cannot divide by zero\"")) (else (binop left right)))) (else (binop left right)))",66.0,23.0,./2234-grading/Assignment3/shuffled-25/text.rkt,0.8125,,False
19.0,RC-or->true,passed,./2234-grading/Assignment4/shuffled-03/text,(or (quote +) (quote *) (quote /) (quote -) (quote leq0?) (quote def)),(or (quote +) #t (quote /) (quote -) (quote leq0?) (quote def)),41.0,8.0,./2234-grading/Assignment4/shuffled-03/text.rkt,0.693182,,False
64.0,aod-add,passed,./2234-grading/Assignment4/shuffled-07/text,(+ (w y) 10),(begin w y),263.0,40.0,./2234-grading/Assignment4/shuffled-07/text.rkt,0.757576,,False
88.0,RC-cond->true,passed,./2234-grading/Assignment8/shuffled-39/text,"(cond ((cmp-to-list op (quote (/ + - * <=))) (cond ((and (symbol=? op (quote /)) (= 0 (numV-n (cast (list-ref ops 1) numV)))) (error (quote VVQS) \""Can not divide by zero\"")) (else (compute-prim op ops)))) (else (define lhop (list-ref ops 0)) (define rhop...","(cond (#t (cond ((and (symbol=? op (quote /)) (= 0 (numV-n (cast (list-ref ops 1) numV)))) (error (quote VVQS) \""Can not divide by zero\"")) (else (compute-prim op ops)))) (else (define lhop (list-ref ops 0)) (define rhop (list-ref ops 1)) (match op ((quot...",461.0,2.0,./2234-grading/Assignment8/shuffled-39/text.rkt,0.242647,,False
32.0,RC-match-removal,passed,/Users/charlieray/Desktop/Research/RacketCode/JCCR/./2234-grading/Assignment8/shuffled-39/text.rkt,(match e ((numC n) (quote num)) ((strC str) (quote str)) ((idC name) (type-lookup name env)) ((mutC var newVal) (quote void)) ((seqC statements) (type-check (last-element statements) env)) ((arrC vals) (define tVals (for/list : (Listof Ty) ((val vals)) (type-check val env))) (cond ((arrCheck tVals) (quote num)) (else (error (quote VVQS) value in arrC was not a num)))) ((lamC args body types) (define newBindings (for/list : (Listof TypeBinding) ((param args) (type types)) (TypeBinding param type))) (type-check body (extend-TEnv env newBindings))) ((ifC expr then else) (define thenTy (type-check then env)) (define elseTy (type-check else env)) (cond ((equal? thenTy elseTy) thenTy) (else (error (quote VVQS) else and then statements do not have matching types)))) ((appC name args) (match (type-check name env) ((funcType argsT ret) (if (paramsCheck argsT args env) ret (error (quote type-check) VVQS8 id missing from type-env)))))),(match e ((numC n) (quote num)) ((strC str) (quote str)) ((idC name) (type-lookup name env)) ((mutC var newVal) (quote void)) ((seqC statements) (type-check (last-element statements) env)) ((arrC vals) (define tVals (for/list : (Listof Ty) ((val vals)) (type-check val env))) (cond ((arrCheck tVals) (quote num)) (else (error (quote VVQS) value in arrC was not a num)))) ((ifC expr then else) (define thenTy (type-check then env)) (define elseTy (type-check else env)) (cond ((equal? thenTy elseTy) thenTy) (else (error (quote VVQS) else and then statements do not have matching types)))) ((appC name args) (match (type-check name env) ((funcType argsT ret) (if (paramsCheck argsT args env) ret (error (quote type-check) VVQS8 id missing from type-env)))))),267.0,2.0,./2234-grading/Assignment8/shuffled-39/text.rkt,,,False
72.0,RC-or->false,passed,./2234-grading/Assignment8/shuffled-05/text,(or (quote =>) (quote :=) (quote where) (quote letrec) (quote if) (quote then) (quote :) (quote else) (quote ->) (quote <-) (quote begin) (quote in) (quote makearr)),(or (quote =>) (quote :=) (quote where) (quote letrec) (quote if) (quote then) (quote :) (quote else) (quote ->) (quote <-) (quote begin) (quote in) #f),327.0,5.0,./2234-grading/Assignment8/shuffled-05/text.rkt,0.648649,,False
44.0,RC-cond->true,passed,./2234-grading/Assignment3/shuffled-49/text,"(cond ((equal? name (quote main)) (cond ((equal? arg (quote init)) (FunDefC name arg (parse body))) (else (error (quote parse-fundef) \""VVQS failed to parse function ~e.\\n                                                            Argument must be init.\""...","(cond ((equal? name (quote main)) (cond ((equal? arg (quote init)) (FunDefC name arg (parse body))) (else (error (quote parse-fundef) \""VVQS failed to parse function ~e.\\n                                                            Argument must be init.\""...",184.0,5.0,./2234-grading/Assignment3/shuffled-49/text.rkt,0.868852,,False
6.0,RC-match-removal,passed,/Users/charlieray/Desktop/Research/RacketCode/JCCR/./2234-grading/Assignment8/shuffled-39/text.rkt,(match expr ((numC n) (numV n)) ((strC str) (strV str)) ((lamC args body types) (cloV args body env types)) ((arrC vals) (define iVals (for/list : (Listof Value) ((val vals)) (interp val env))) (arrV (list->vector (cast iVals (Listof Real))))) ((appC name args) (match (interp name env) ((cloV params b cenv types) (cond ((not (validate-app params args)) (error (quote VVQS) Improper argument number)) (else (define v-bindings (for/list : (Listof Binding) ((p params) (a args)) (Binding p ((inst box Value) (interp a env))))) (define benv (extend-env cenv v-bindings)) (interp b benv)))) ((primV p) (cond ((and (equal? p (quote error)) (= 1 (len-list args))) (error (quote VVQS) user-error ~e (serialize (interp (car args) env)))) ((>= 3 (len-list args)) (define argVals (for/list : (Listof Value) ((a args)) (interp a env))) (prim-check p argVals)) (else (error (quote VVQS) PrimVs take 2 arguments)))) (other (error (quote VVQS) Other values can't be applied as funcs)))) ((ifC exp then else) (define exp-int (interp exp env)) (cond ((boolV? exp-int) (cond ((boolV-b exp-int) (interp then env)) (else (interp else env)))) (else (error (quote VVQS) if exp must evaluate to a boolean)))) ((idC name) (unbox (env-lookup name env))) ((mutC var newVal) (define entry (env-lookup var env)) (define interpVal (interp newVal env)) (set-box! entry interpVal))),(match expr ((numC n) (numV n)) ((strC str) (strV str)) ((lamC args body types) (cloV args body env types)) ((arrC vals) (define iVals (for/list : (Listof Value) ((val vals)) (interp val env))) (arrV (list->vector (cast iVals (Listof Real))))) ((appC name args) (match (interp name env) ((cloV params b cenv types) (cond ((not (validate-app params args)) (error (quote VVQS) Improper argument number)) (else (define v-bindings (for/list : (Listof Binding) ((p params) (a args)) (Binding p ((inst box Value) (interp a env))))) (define benv (extend-env cenv v-bindings)) (interp b benv)))) ((primV p) (cond ((and (equal? p (quote error)) (= 1 (len-list args))) (error (quote VVQS) user-error ~e (serialize (interp (car args) env)))) ((>= 3 (len-list args)) (define argVals (for/list : (Listof Value) ((a args)) (interp a env))) (prim-check p argVals)) (else (error (quote VVQS) PrimVs take 2 arguments)))) (other (error (quote VVQS) Other values can't be applied as funcs)))) ((ifC exp then else) (define exp-int (interp exp env)) (cond ((boolV? exp-int) (cond ((boolV-b exp-int) (interp then env)) (else (interp else env)))) (else (error (quote VVQS) if exp must evaluate to a boolean)))) ((mutC var newVal) (define entry (env-lookup var env)) (define interpVal (interp newVal env)) (set-box! entry interpVal))),165.0,2.0,./2234-grading/Assignment8/shuffled-39/text.rkt,,,False
45.0,RC-cond->true,passed,./2234-grading/Assignment8/shuffled-24/text,"(cond ((not (BoolT? (type-check iff tenv))) (error (quote type-check) \""VVQS condition is not boolean: ~e\"" (type-check iff tenv))) ((not (equal? thist elset)) (error (quote type-check) \""VVQS type mismatch in conditional\"")) (else thist))","(cond ((not (BoolT? (type-check iff tenv))) (error (quote type-check) \""VVQS condition is not boolean: ~e\"" (type-check iff tenv))) ((not (equal? thist elset)) (error (quote type-check) \""VVQS type mismatch in conditional\"")) (#t thist))",368.0,5.0,./2234-grading/Assignment8/shuffled-24/text.rkt,0.839286,,False
25.0,RC-and->true,passed,./2234-grading/Assignment2/shuffled-88/text,(and (>= hydration 0.7) (<= hydration 0.9)),(and #t (<= hydration 0.9)),49.0,5.0,./2234-grading/Assignment2/shuffled-88/text.rkt,0.924528,,False
13.0,RC-match-removal,passed,/Users/charlieray/Desktop/Research/RacketCode/JCCR/./2234-grading/Assignment3/shuffled-46/text.rkt,(match e ((NumC n) n) ((IdC _) (error (quote interp) shouldn't get here VVQS)) ((AppC f a) (define fd (get-fundef f fds)) (interp (subst (NumC (interp a fds)) (FunDefC-arg fd) (FunDefC-body fd)) fds)) ((leq0? b t e) (cond ((<= (interp b fds) 0) (interp t fds)) (else (interp e fds)))) ((binop l r op) (interp-binop e fds))),(match e ((NumC n) n) ((AppC f a) (define fd (get-fundef f fds)) (interp (subst (NumC (interp a fds)) (FunDefC-arg fd) (FunDefC-body fd)) fds)) ((leq0? b t e) (cond ((<= (interp b fds) 0) (interp t fds)) (else (interp e fds)))) ((binop l r op) (interp-binop e fds))),96.0,2.0,./2234-grading/Assignment3/shuffled-46/text.rkt,0.814815,,False
15.0,RC-or->false,passed,./2234-grading/Assignment4/shuffled-03/text,(or (quote +) (quote *) (quote /) (quote -) (quote leq0?) (quote def)),(or (quote +) (quote *) (quote /) #f (quote leq0?) (quote def)),41.0,8.0,./2234-grading/Assignment4/shuffled-03/text.rkt,0.693182,,False
29.0,RC-and->true,passed,./2234-grading/Assignment2BasicMastery/shuffled-11/text,(and (>= hydration 0.7) (<= hydration 0.9)),(and (>= hydration 0.7) #t),65.0,23.0,./2234-grading/Assignment2BasicMastery/shuffled-11/text.rkt,0.9375,,False
1.0,aod-add,passed,./2234-grading/Assignment3/shuffled-28/text,(+ - * /),(begin . *),52.0,16.0,./2234-grading/Assignment3/shuffled-28/text.rkt,0.855072,,False
55.0,RC-match-removal,passed,/Users/charlieray/Desktop/Research/RacketCode/JCCR/./2234-grading/Assignment8/shuffled-39/text.rkt,(match s ((quote +) (numV (+ (numV-n (cast (list-ref ops 0) numV)) (numV-n (cast (list-ref ops 1) numV))))) ((quote *) (numV (* (numV-n (cast (list-ref ops 0) numV)) (numV-n (cast (list-ref ops 1) numV))))) ((quote /) (numV (/ (numV-n (cast (list-ref ops 0) numV)) (numV-n (cast (list-ref ops 1) numV))))) ((quote -) (numV (- (numV-n (cast (list-ref ops 0) numV)) (numV-n (cast (list-ref ops 1) numV))))) ((quote <=) (boolV (<= (numV-n (cast (list-ref ops 0) numV)) (numV-n (cast (list-ref ops 1) numV))))) ((quote str-eq?) (boolV (equal? (list-ref ops 0) (list-ref ops 1)))) ((quote num-eq?) (boolV (equal? (list-ref ops 0) (list-ref ops 1)))) ((quote arr) (define a1 (numV-n (cast (list-ref ops 0) numV))) (define a2 (numV-n (cast (list-ref ops 1) numV))) (cond ((and (integer? a1) (integer? a2)) (arrV (make-vector (cast a1 Integer) (cast a2 Integer)))))) ((quote arr-ref) (define arr (cast (car ops) arrV)) (define idx (cast (cdr ops) numV)) (cond ((integer? idx) (numV (vector-ref (arrV-vals arr) (cast idx Integer)))) (else (error (quote VVQS) Not a valid integer index)))) (other (error (quote VVQS) Not a valid primitive))),(match s ((quote +) (numV (+ (numV-n (cast (list-ref ops 0) numV)) (numV-n (cast (list-ref ops 1) numV))))) ((quote *) (numV (* (numV-n (cast (list-ref ops 0) numV)) (numV-n (cast (list-ref ops 1) numV))))) ((quote /) (numV (/ (numV-n (cast (list-ref ops 0) numV)) (numV-n (cast (list-ref ops 1) numV))))) ((quote -) (numV (- (numV-n (cast (list-ref ops 0) numV)) (numV-n (cast (list-ref ops 1) numV))))) ((quote str-eq?) (boolV (equal? (list-ref ops 0) (list-ref ops 1)))) ((quote num-eq?) (boolV (equal? (list-ref ops 0) (list-ref ops 1)))) ((quote arr) (define a1 (numV-n (cast (list-ref ops 0) numV))) (define a2 (numV-n (cast (list-ref ops 1) numV))) (cond ((and (integer? a1) (integer? a2)) (arrV (make-vector (cast a1 Integer) (cast a2 Integer)))))) ((quote arr-ref) (define arr (cast (car ops) arrV)) (define idx (cast (cdr ops) numV)) (cond ((integer? idx) (numV (vector-ref (arrV-vals arr) (cast idx Integer)))) (else (error (quote VVQS) Not a valid integer index)))) (other (error (quote VVQS) Not a valid primitive))),366.0,5.0,./2234-grading/Assignment8/shuffled-39/text.rkt,,,False
35.0,RC-cond->true,passed,./2234-grading/Assignment3/shuffled-11/text,(cond ((<= (interp test fds) 0) (interp then fds)) (else (interp else fds))),(cond ((<= (interp test fds) 0) (interp then fds)) (#t (interp else fds))),213.0,27.0,./2234-grading/Assignment3/shuffled-11/text.rkt,0.775,,False
85.0,RC-or->true,passed,./2234-grading/Assignment8/shuffled-05/text,(or (quote =>) (quote :=) (quote where) (quote letrec) (quote if) (quote then) (quote :) (quote else) (quote ->) (quote <-) (quote begin) (quote in) (quote makearr)),(or (quote =>) (quote :=) (quote where) (quote letrec) (quote if) (quote then) (quote :) (quote else) (quote ->) (quote <-) (quote begin) (quote in) #t),327.0,5.0,./2234-grading/Assignment8/shuffled-05/text.rkt,0.648649,,False
39.0,RC-cond->false,passed,./2234-grading/Assignment5BasicMastery/shuffled-04/text,(cond ((or (PrimV? left) (PrimV? right)) (BoolV #f)) ((or (CloV? left) (CloV? right)) (BoolV #f)) (else (BoolV (equal? left right)))),(cond ((or (PrimV? left) (PrimV? right)) (BoolV #f)) (#f (BoolV #f)) (else (BoolV (equal? left right)))),183.0,5.0,./2234-grading/Assignment5BasicMastery/shuffled-04/text.rkt,0.735294,,False
57.0,RC-cond->true,passed,./2234-grading/Assignment4/shuffled-21/text,"(cond ((empty? funs) (error (quote VVQS) \""reference to undefined function: ~e\"" (quote main))) ((cons? funs) (if (equal? (quote main) (fdC-name (first funs))) (first funs) (get-fundef (quote main) (rest funs)))))","(cond ((empty? funs) (error (quote VVQS) \""reference to undefined function: ~e\"" (quote main))) (#t (if (equal? (quote main) (fdC-name (first funs))) (first funs) (get-fundef (quote main) (rest funs)))))",186.0,2.0,./2234-grading/Assignment4/shuffled-21/text.rkt,0.882353,,False
31.0,RC-and->true,passed,./2234-grading/Assignment3/shuffled-39/text,(and (symbol? s) (not (member s keywords))),(and (symbol? s) #t),187.0,2.0,./2234-grading/Assignment3/shuffled-39/text.rkt,0.84375,,False
33.0,RC-or->false,passed,./2234-grading/Assignment4/shuffled-11/text,(or (equal? s (quote +)) (equal? s (quote *)) (equal? s (quote -)) (equal? s (quote /)) (equal? s (quote def)) (equal? s (quote leq0?))),(or (equal? s (quote +)) #f (equal? s (quote -)) (equal? s (quote /)) (equal? s (quote def)) (equal? s (quote leq0?))),149.0,8.0,./2234-grading/Assignment4/shuffled-11/text.rkt,0.742268,,False
117.0,aod-add,passed,./2234-grading/Assignment4/shuffled-31/text,(+ 1 (get-remain n)),(begin get-remain n),343.0,59.0,./2234-grading/Assignment4/shuffled-31/text.rkt,0.854839,,False
51.0,RC-or->false,passed,./2234-grading/Assignment5/shuffled-26/text,(or (quote if) (quote else) (quote =) (quote =>) (quote where)),(or (quote if) #f (quote =) (quote =>) (quote where)),216.0,5.0,./2234-grading/Assignment5/shuffled-26/text.rkt,0.7,,False
20.0,RC-or->true,passed,./2234-grading/Assignment3/shuffled-21/text,(or (quote -) (quote +) (quote /) (quote *) (quote def) (quote leq0?) (quote then) (quote else)),(or (quote -) (quote +) (quote /) (quote *) #t (quote leq0?) (quote then) (quote else)),49.0,5.0,./2234-grading/Assignment3/shuffled-21/text.rkt,0.709302,,False
25.0,RC-and->true,passed,./2234-grading/Assignment2/shuffled-22/text,(and (> b 5) (>= c 100)),(and (> b 5) #t),47.0,21.0,./2234-grading/Assignment2/shuffled-22/text.rkt,0.965517,,False
26.0,RC-and->true,passed,./2234-grading/Assignment5BasicMastery/shuffled-16/text,(and (nor (CloV? a) (CloV? b) (PrimV? a) (PrimV? b)) (equal? a b)),(and #t (equal? a b)),101.0,35.0,./2234-grading/Assignment5BasicMastery/shuffled-16/text.rkt,0.875,,False
50.0,RC-or->false,passed,./2234-grading/Assignment3/shuffled-32/text,(or (eq? i (quote +)) (eq? i (quote -)) (eq? i (quote *)) (eq? i (quote /)) (eq? i (quote def)) (eq? i (quote leq0?)) (eq? i (quote then)) (eq? i (quote else)) (eq? i (quote =))),(or (eq? i (quote +)) (eq? i (quote -)) (eq? i (quote *)) (eq? i (quote /)) #f (eq? i (quote leq0?)) (eq? i (quote then)) (eq? i (quote else)) (eq? i (quote =))),138.0,6.0,./2234-grading/Assignment3/shuffled-32/text.rkt,0.909836,,False
7.0,RC-cond->true,passed,./2234-grading/Assignment5/shuffled-08/text,(cond ((equal? (interp (case? case env) env) (boolV #t)) (interp if env)) (else (interp else env))),(cond ((equal? (interp (case? case env) env) (boolV #t)) (interp if env)) (#t (interp else env))),80.0,24.0,./2234-grading/Assignment5/shuffled-08/text.rkt,0.791667,,False
4.0,RC-match-removal,passed,/Users/charlieray/Desktop/Research/RacketCode/JCCR/./2234-grading/Assignment3/shuffled-31/text.rkt,(match op ((quote +) +) ((quote -) -) ((quote *) *) ((quote /) /) (_ (error (quote binop-func) Unsupported operator: ~a op))),(match op ((quote +) +) ((quote -) -) ((quote *) *) ((quote /) /)),44.0,2.0,./2234-grading/Assignment3/shuffled-31/text.rkt,0.810811,,False
72.0,aod-add,passed,./2234-grading/Assignment5/shuffled-47/text,(+ y 3),(begin . y),289.0,26.0,./2234-grading/Assignment5/shuffled-47/text.rkt,0.878378,,False
59.0,RC-and->true,passed,./2234-grading/Assignment8/shuffled-37/text,(and (< pos (vector-length numarr)) (and (integer? pos) (>= pos 0))),(and (< pos (vector-length numarr)) #t),258.0,21.0,./2234-grading/Assignment8/shuffled-37/text.rkt,0.764286,,False
5.0,RC-if->true,passed,/Users/charlieray/Desktop/Research/RacketCode/JCCR/./2234-grading/Assignment8/shuffled-44/text.rkt,(if (symbol=? for name) val (lookup for rest-env)),(if #t val (lookup for rest-env)),145.0,5.0,./2234-grading/Assignment8/shuffled-44/text.rkt,0.419048,,False
102.0,aod-add,passed,./2234-grading/Assignment4/shuffled-38/text,(+ 3 4),(begin . 4),334.0,34.0,./2234-grading/Assignment4/shuffled-38/text.rkt,0.88785,,False
231.0,RC-cond->true,passed,./2234-grading/Assignment4/shuffled-11/text,"(cond ((and (equal? a (quote /)) (equal? (parse r) (NumC 0))) (error (quote parse) \""VVQS: Cannot Divide By Zero.\"")) ((<= (length l) 1) (error (quote parse) \""VVQS: Not correct arithmatic syntax.\"")) ((<= (length r) 1) (error (quote parse) \""VVQS: Not corre...","(cond ((and (equal? a (quote /)) (equal? (parse r) (NumC 0))) (error (quote parse) \""VVQS: Cannot Divide By Zero.\"")) ((<= (length l) 1) (error (quote parse) \""VVQS: Not correct arithmatic syntax.\"")) ((<= (length r) 1) (error (quote parse) \""VVQS: Not corre...",308.0,8.0,./2234-grading/Assignment4/shuffled-11/text.rkt,0.742268,,False
40.0,RC-and->true,passed,./2234-grading/Assignment2/shuffled-15/text,(and (>= (Bread-hydration f) 0.7) (<= (Bread-hydration f) 0.9)),(and (>= (Bread-hydration f) 0.7) #t),53.0,19.0,./2234-grading/Assignment2/shuffled-15/text.rkt,0.864583,,False
47.0,RC-if->true,passed,./2234-grading/Assignment8/shuffled-44/text,"(if (zero? b) (error \""VVQS: Division by zero\"") (NumV (/ a b)))","(if #t (error \""VVQS: Division by zero\"") (NumV (/ a b)))",379.0,11.0,./2234-grading/Assignment8/shuffled-44/text.rkt,0.696429,,False
29.0,RC-cond->true,passed,./2234-grading/Assignment2/shuffled-47/text,(cond ((>= h 0.7) (cond ((<= h 0.9) #t) (else #f))) (else #f)),(cond ((>= h 0.7) (cond ((<= h 0.9) #t) (else #f))) (#t #f)),62.0,15.0,./2234-grading/Assignment2/shuffled-47/text.rkt,0.909091,,False
32.0,RC-and->true,passed,./2234-grading/Assignment2/shuffled-96/text,(and (<= h 0.9) (>= h 0.7)),(and #t (>= h 0.7)),46.0,15.0,./2234-grading/Assignment2/shuffled-96/text.rkt,0.882353,,False
54.0,RC-cond->true,passed,./2234-grading/Assignment8/shuffled-39/text,(cond ((null? rst) f) (else (last-element rst))),(cond (#t f) (else (last-element rst))),348.0,3.0,./2234-grading/Assignment8/shuffled-39/text.rkt,0.242647,,False
52.0,RC-and->true,passed,./2234-grading/Assignment8/shuffled-25/text,(and (StringV? (interp arg1 e)) (StringV? (interp arg2 e))),(and #t (StringV? (interp arg2 e))),524.0,70.0,./2234-grading/Assignment8/shuffled-25/text.rkt,0.822581,,False
25.0,RC-and->true,passed,./2234-grading/Assignment2/shuffled-74/text,(and (>= hydration 0.7) (<= hydration 0.9)),(and (>= hydration 0.7) #t),50.0,23.0,./2234-grading/Assignment2/shuffled-74/text.rkt,0.960784,,False
12.0,aod-mul,passed,./2234-grading/Assignment2/shuffled-75/text,(* (* 2 pi) r),(begin * 2 pi),26.0,6.0,./2234-grading/Assignment2/shuffled-75/text.rkt,0.844828,,False
54.0,RC-or->false,passed,./2234-grading/Assignment4/shuffled-14/text,(or (eq? f (quote +)) (eq? f (quote -)) (eq? f (quote *)) (eq? f (quote /)) (eq? f (quote def)) (eq? f (quote leq0?)) (eq? f (quote then)) (eq? f (quote else)) (eq? f (quote =))),(or (eq? f (quote +)) (eq? f (quote -)) (eq? f (quote *)) (eq? f (quote /)) #f (eq? f (quote leq0?)) (eq? f (quote then)) (eq? f (quote else)) (eq? f (quote =))),175.0,20.0,./2234-grading/Assignment4/shuffled-14/text.rkt,0.90625,,False
70.0,RC-match-removal,passed,/Users/charlieray/Desktop/Research/RacketCode/JCCR/./2234-grading/Assignment8/shuffled-39/text.rkt,(match symbols ((quote ()) #f) ((cons cur rst) (or (eq? cur s) (cmp-to-list s rst)))),(match symbols ((cons cur rst) (or (eq? cur s) (cmp-to-list s rst)))),512.0,2.0,./2234-grading/Assignment8/shuffled-39/text.rkt,,,False
5.0,RC-cond->true,passed,./2234-grading/Assignment3/shuffled-04/text,(cond ((symbol=? s for) what) (else in)),(cond (#t what) (else in)),61.0,13.0,./2234-grading/Assignment3/shuffled-04/text.rkt,0.622222,,False
143.0,RC-or->false,passed,./2234-grading/Assignment8/shuffled-04/text,(or (< (NumV-num i) 0) (>= (NumV-num i) (vector-length (ArrV-arr arr)))),(or #f (>= (NumV-num i) (vector-length (ArrV-arr arr)))),713.0,11.0,./2234-grading/Assignment8/shuffled-04/text.rkt,0.864322,,False
52.0,RC-cond->true,passed,./2234-grading/Assignment4/shuffled-00/text,(cond ((and (equal? 2 (length args)) (operator? fun)) (define left (parse (first args))) (define right (parse (first (rest args)))) (BinOpC fun left right)) ((not (invalid? fun)) (define arg-list (for/list : (Listof ExprC) ((arg args)) (parse arg))) (Ap...,(cond ((and (equal? 2 (length args)) (operator? fun)) (define left (parse (first args))) (define right (parse (first (rest args)))) (BinOpC fun left right)) ((not (invalid? fun)) (define arg-list (for/list : (Listof ExprC) ((arg args)) (parse arg))) (Ap...,108.0,5.0,./2234-grading/Assignment4/shuffled-00/text.rkt,0.84375,,False
23.0,RC-match-removal,passed,/Users/charlieray/Desktop/Research/RacketCode/JCCR/./2234-grading/Assignment4/shuffled-06/text.rkt,(match expr ((binop l r (quote +)) (+ (interp l fds) (interp r fds))) ((binop l r (quote *)) (* (interp l fds) (interp r fds))) ((binop l r (quote -)) (- (interp l fds) (interp r fds))) ((binop l r (quote /)) (cond ((equal? (interp r fds) 0) (error (quote interp-binop) dividing by 0 ~e VVQS expr)) (else (/ (interp l fds) (interp r fds))))) (other (error (quote interp-binop) binop not parsed correctly ~e VVQS expr))),(match expr ((binop l r (quote +)) (+ (interp l fds) (interp r fds))) ((binop l r (quote *)) (* (interp l fds) (interp r fds))) ((binop l r (quote -)) (- (interp l fds) (interp r fds))) ((binop l r (quote /)) (cond ((equal? (interp r fds) 0) (error (quote interp-binop) dividing by 0 ~e VVQS expr)) (else (/ (interp l fds) (interp r fds)))))),125.0,2.0,./2234-grading/Assignment4/shuffled-06/text.rkt,0.83871,,False
1.0,aod-add,passed,./2234-grading/Assignment5BasicMastery/shuffled-05/text,(+ - * /),(begin . *),33.0,13.0,./2234-grading/Assignment5BasicMastery/shuffled-05/text.rkt,0.709091,,False
13.0,RC-and->true,passed,./2234-grading/Assignment5/shuffled-16/text,(and (equal? p (quote error)) (= 1 (len-list args))),(and (equal? p (quote error)) #t),80.0,15.0,./2234-grading/Assignment5/shuffled-16/text.rkt,0.770833,,False
279.0,RC-or->false,passed,./2234-grading/Assignment3/shuffled-19/text,(or (equal? name (quote +)) (equal? arg (quote +))),(or (equal? name (quote +)) #f),356.0,8.0,./2234-grading/Assignment3/shuffled-19/text.rkt,0.866013,,False
198.0,RC-or->false,passed,./2234-grading/Assignment4/shuffled-11/text,(or (quote +) (quote *) (quote -) (quote /)),(or (quote +) (quote *) #f (quote /)),293.0,8.0,./2234-grading/Assignment4/shuffled-11/text.rkt,0.742268,,False
15.0,RC-cond->true,passed,./2234-grading/Assignment5/shuffled-31/text,"(cond ((equal? primop (quote equal?)) (BoolV (my-equal l r))) (else (match* (l r) (((NumV num1) (NumV num2)) (cond ((equal? primop (quote <=)) (BoolV (my-leq num1 num2))) (else (NumV ((lookup-op primop) num1 num2))))) ((_ _) (error (quote prim-unwrap) \""...","(cond ((equal? primop (quote equal?)) (BoolV (my-equal l r))) (#t (match* (l r) (((NumV num1) (NumV num2)) (cond ((equal? primop (quote <=)) (BoolV (my-leq num1 num2))) (else (NumV ((lookup-op primop) num1 num2))))) ((_ _) (error (quote prim-unwrap) \""VV...",150.0,16.0,./2234-grading/Assignment5/shuffled-31/text.rkt,0.823529,,False
